Function,Function code,Major Account Head Description,Major Account Code,Detailed Account Code Description,Detailed Account Code,2012-13 Actuals, 2013-14 Budget Estimates,2013-14 Revised Estimates,2013-14 Actuals, 2014-15 Budget Estimates,2014-15 Revised Estimates,2014-15 Actuals,2015-16 Budget Estimates,2015-16 Revised Estimates,2016-17  Budget Estimates,,,,
General Body,0101,Establishment Expenses,210,Basic Pay,2101001.0,0.0,0.0,0.0,0.0,0.0,0.0,12.52,0.0,48.0,52.0,,,,
General Body,0101,Establishment Expenses,210,Dearness Allowance,2101002.0,0.0,0.0,0.0,0.0,0.0,0.0,58.81,0.0,32.0,35.0,,,,
General Body,0101,Establishment Expenses,210,House Rent Allowance,2101003.0,0.0,0.0,0.0,0.0,0.0,0.0,12.74,0.0,38.0,42.0,,,,
General Body,0101,Establishment Expenses,210,CCA,2101004.0,0.0,0.0,0.0,0.0,0.0,0.0,1.11,0.0,5.0,6.0,,,,
General Body,0101,Establishment Expenses,210,Conveyance & Other Allowance,2101005.0,0.0,0.0,0.0,0.0,0.0,0.0,1.03,0.0,2.5,3.0,,,,
General Body,0101,Establishment Expenses,210,Interim Relief,2101006.0,0.0,0.0,0.0,0.0,0.0,0.0,10.95,0.0,5.0,6.0,,,,
General Body,0101,Establishment Expenses,210,Honorarium/ Sitting Fees to Corporators,2101009.0,87.52,300.0,178.11,77.65383,215.67,215.0,50.89,0.0,5.0,6.0,,,,
General Body,0101,Establishment Expenses,210,Honorarium (Others),2101010.0,0.0,0.0,0.0,0.0,0.0,0.0,0.0,230.0,135.0,240.0,,,,
General Body,0101,Establishment Expenses,210,Health care & Medical Insurance,2102017.0,14.04,10.0,20.0,35.0,25.0,40.0,-10.0,45.0,45.0,48.0,,,,
General Body,0101,Establishment Expenses,210,Service Pension,2103001.0,0.0,0.0,0.0,0.0,0.0,0.0,38.78,0.0,2.0,3.0,,,,
General Body,0101,Administrative Expenses,220,Releases from Mayors Discretionary Sanctions,2208003.0,19.0,300.0,300.0,51.0,300.0,300.0,9.0,50.0,40.0,42.0,,,,
Total for General Body (0101),,,,,,120.56,610.0,498.11,163.65383,540.67,555.0,185.83,325.0,357.5,483.0,,,,
General Administration,0201,Establishment Expenses,210,Basic Pay,2101001.0,2157.92,2704.55,2400.0,2276.26696,2930.0,2860.0,2275.57,2920.0,4075.8,4244.34,,,,
General Administration,0201,Establishment Expenses,210,Dearness Allowance,2101002.0,1047.37,912.12,640.0,1390.56362,950.0,1915.0,1769.06,1780.0,1444.98,1601.72,,,,
General Administration,0201,Establishment Expenses,210,House Rent Allowance,2101003.0,620.27,710.94,570.0,645.90485,580.0,715.0,676.34,740.0,1234.75,1395.19,,,,
General Administration,0201,Establishment Expenses,210,CCA,2101004.0,50.86,69.22,50.0,53.01636,50.0,77.0,52.26,92.0,101.75,128.19,,,,
General Administration,0201,Establishment Expenses,210,Conveyance & Other Allowances,2101005.0,11.04,47.62,49.85,40.46245,46.4,95.0,127.03,90.0,190.51,206.04,,,,
General Administration,0201,Establishment Expenses,210,Interim Relief,2101006.0,7.98,29.19,40.0,120.47371,50.0,490.0,550.45,440.0,332.0,144.6,,,,
General Administration,0201,Establishment Expenses,210,Surrender Leave Encashment,2101007.0,0.0,0.0,0.0,0.0,0.0,0.0,103.98,0.0,148.89,114.63,,,,
General Administration,0201,Establishment Expenses,210,Honorarium-Others,2101010.0,0.0,0.0,108.0,0.0,170.0,170.0,8.12,170.0,107.0,57.0,,,,
General Administration,0201,Establishment Expenses,210,Washing Allowance,2101011.0,0.0,0.0,0.0,0.0,0.0,0.0,0.0,0.0,0.0,0.0,,,,
General Administration,0201,Establishment Expenses,210,Outsource Agencies Wages (Others),2101012.0,802.04,1500.0,1960.0,1961.41146,2273.4,2630.0,2136.31,2570.0,1781.61,2306.36,,,,
General Administration,0201,Establishment Expenses,210,Dirty Allowance,2101013.0,0.0,0.0,0.0,0.0,0.0,0.0,0.0,0.0,0.0,0.0,,,,
General Administration,0201,Establishment Expenses,210,Subsistence Allowance,2101014.0,0.0,0.0,8.0,0.0,16.0,20.0,0.72,20.0,20.17,23.6,,,,
General Administration,0201,Establishment Expenses,210,PHC Allowance,2101015.0,0.0,0.0,0.0,0.0,0.0,0.0,0.0,0.0,0.0,0.0,,,,
General Administration,0201,Establishment Expenses,210,Per Pay,2101017.0,0.0,0.0,0.0,0.0,0.0,0.0,0.0,0.0,0.0,0.0,,,,
General Administration,0201,Establishment Expenses,210,Outsource Agencies Wages (IT Professionals),2101021.0,2259.5,1200.0,1180.0,1136.32081,1200.0,1560.0,1130.83,1730.0,1660.0,1918.76,,,,
General Administration,0201,Establishment Expenses,210,Outsource Agencies Wages (Security Guards and Police Department),2101022.0,649.19,800.0,893.24,530.3689,896.15,950.0,612.62,1200.0,940.1,1226.37,,,,
General Administration,0201,Establishment Expenses,210,Salary Reimbursement to Parent Departments,2101051.0,4.36,68.58,20.0,753.35564,20.0,850.0,563.8,90.0,800.0,1001.0,,,,
General Administration,0201,Establishment Expenses,210,Leave Travel Concession,2102001.0,10.82,21.1,5.1,0.0,7.66,15.0,6.84,20.0,29.17,33.5,,,,
General Administration,0201,Establishment Expenses,210,Medical Reimbursement,2102002.0,216.03,280.44,408.53,239.04021,442.72,440.0,241.07,450.0,377.17,421.0,,,,
General Administration,0201,Establishment Expenses,210,Concession in Bus-Pass,2102008.0,0.0,30.0,30.0,0.0,32.0,40.0,0.0,40.0,40.0,45.0,,,,
General Administration,0201,Establishment Expenses,210,Liveries to Employees and Staff,2102015.0,64.11,155.5,115.0,95.05497,127.81,130.0,70.3,130.0,136.0,166.4,,,,
General Administration,0201,Establishment Expenses,210,Performance Incentives,2102016.0,0.04,0.0,0.0,0.0,0.0,0.0,0.0,0.0,0.0,0.0,,,,
General Administration,0201,Establishment Expenses,210,Health care & Medical Insurance,2102017.0,0.45,70.0,60.3,41.482,60.85,45.0,0.0,45.0,35.0,165.0,,,,
General Administration,0201,Establishment Expenses,210,Service Pension,2103001.0,0.0,0.0,0.0,0.0,0.0,0.0,455.95,0.0,628.35,680.79,,,,
General Administration,0201,Establishment Expenses,210,Family Pension,2103002.0,5.67,8.5,12.4,0.0,10.31,0.0,108.4,0.0,73.79,84.45,,,,
General Administration,0201,Establishment Expenses,210,Payment of Pension and Leave Salary Contributions to Deputationists,2104005.0,22.15,20.0,73.0,76.67987,90.3,100.0,179.6,100.0,50.0,55.0,,,,
General Administration,0201,Administrative Expenses,220,Office Electricity Charges,2201101.0,134.59,169.35,225.05,340.86794,259.31,400.0,260.12,270.0,455.0,480.0,,,,
General Administration,0201,Administrative Expenses,220,Office Water Charges,2201102.0,32.0,68.5,64.95,27.78541,90.0,50.0,39.77,30.0,89.0,95.0,,,,
General Administration,0201,Administrative Expenses,220,"Office Telephone, Mobiles, Fax and Leased Lines",2201201.0,23.64,35.02,30.0,7.20784,30.0,30.0,9.1,10.0,31.5,34.3,,,,
General Administration,0201,Administrative Expenses,220,Computer Consumables,2202103.0,1.04,2.0,2.0,0.38063,2.0,5.0,6.43,10.0,7.0,7.0,,,,
General Administration,0201,Administrative Expenses,220,Service Postage,2202104.0,4.8,75.0,85.96,19.75103,91.66,90.0,0.15,5.0,23.0,17.5,,,,
General Administration,0201,Administrative Expenses,220,Travelling and Study Tours,2203001.0,26.96,200.0,201.0,115.92602,204.12,230.0,128.19,130.0,52.0,56.0,,,,
General Administration,0201,Administrative Expenses,220,Hiring Charges for Light Vehicles (Other than Conservancy),2203004.0,122.76,324.35,515.44,663.17216,650.74,975.0,877.64,715.0,1015.0,1086.0,,,,
General Administration,0201,Administrative Expenses,220,Legal Fees,2205101.0,0.0,2.5,2.52,0.05,5.05,20.0,0.06,20.0,15.0,17.3,,,,
General Administration,0201,Administrative Expenses,220,Consultancy Charges,2205201.0,382.73,359.0,254.46,275.66923,264.6,350.0,414.89,340.0,370.5,364.0,,,,
General Administration,0201,Administrative Expenses,220,Other Professional Charges,2205202.0,0.0,0.0,0.0,10.39325,0.0,45.0,15.7,50.0,55.0,63.0,,,,
General Administration,0201,Administrative Expenses,220,Hospitality Expenses,2206004.0,49.44,43.0,42.5,39.08585,45.87,55.0,40.04,65.0,45.0,49.4,,,,
General Administration,0201,Administrative Expenses,220,Organisation of Expenses,2206005.0,0.0,24.75,7.0,30.17982,12.0,170.0,335.71,170.0,492.0,503.0,,,,
General Administration,0201,Administrative Expenses,220,"Meetings, Seminars, Conferences, Exhibitions, etc.",2206006.0,0.39,17.0,24.3,22.94478,25.58,65.0,579.41,30.0,156.0,59.0,,,,
General Administration,0201,Administrative Expenses,220,Contributions to City Managers Association of Andhra Pradesh,2206101.0,0.0,5.0,5.0,0.0,5.0,5.0,0.0,10.0,0.0,0.0,,,,
General Administration,0201,Administrative Expenses,220,Subscriptions & Membership Fees,2206102.0,4.19,8.0,8.0,10.75936,9.0,10.0,0.2,10.0,10.0,12.0,,,,
General Administration,0201,Administrative Expenses,220,Miscellaneous Expenses,2208001.0,0.0,2.7,5.16,0.67805,8.0,20.0,60.23,0.0,4030.5,1210.0,,,,
General Administration,0201,Administrative Expenses,220,Petty Contingent Expenses,2208002.0,55.55,507.06,300.0,251.8850308,300.0,575.0,87.81,280.0,112.31,119.0,,,,
General Administration,0201,Administrative Expenses,220,Unforeseen Contingencies,2208005.0,0.0,5.0,2.55,322.71706,7.49,195.0,344.48,240.0,414.23,485.53,,,,
General Administration,0201,Administrative Expenses,220,Payment from 3% Contingency,2208051.0,0.0,1.0,1.0,0.73395,1.0,2.0,12.2,2.0,0.0,0.0,,,,
General Administration,0201,Operation & Maintenance,230,Swatch Bharath,2305120.0,0.0,0.0,0.0,0.0,0.0,0.0,0.0,0.0,177.0,232.0,,,,
Total for General Administration (0201),,,,,,8767.89,10476.99,10400.31,11500.5892208,11965.02,16394.0,14281.38,15014.0,21757.08,20908.97,,,,
Public Relations,0202,Establishment Expenses,210,Basic Pay,2101001.0,54.49,65.0,60.0,53.55044,60.0,65.0,49.06,70.0,109.0,115.0,,,,
Public Relations,0202,Establishment Expenses,210,Dearness Allowance,2101002.0,26.06,35.0,20.0,27.12116,30.0,38.0,33.29,35.0,34.0,39.0,,,,
Public Relations,0202,Establishment Expenses,210,House Rent Allowance,2101003.0,15.27,20.0,20.0,14.9107,20.0,17.0,12.7,17.0,30.0,33.0,,,,
Public Relations,0202,Establishment Expenses,210,CCA,2101004.0,1.27,2.0,2.0,2.93579,2.0,5.0,1.03,5.0,6.0,7.0,,,,
Public Relations,0202,Establishment Expenses,210,Conveyance & Other Allowances,2101005.0,0.95,1.0,1.0,0.33157,1.0,1.0,0.96,1.0,2.5,3.0,,,,
Public Relations,0202,Establishment Expenses,210,Interim Relief,2101006.0,0.29,1.0,1.0,4.50682,1.0,18.0,11.31,16.0,3.5,4.0,,,,
Public Relations,0202,Administrative Expenses,220,"Office Telephone, Mobiles, Fax and Leased Lines",2201201.0,1.17,2.6,3.0,0.34601,3.0,5.0,0.21,3.0,2.0,2.0,,,,
Public Relations,0202,Administrative Expenses,220,Newspapers & Journals,2202001.0,16.89,54.75,100.44,10.14744,85.46,85.0,8.32,25.0,34.0,38.15,,,,
Public Relations,0202,Administrative Expenses,220,Printing & Stationery,2202101.0,307.73,375.0,400.61,235.97565,727.61,725.0,238.0,270.0,325.0,339.0,,,,
Public Relations,0202,Administrative Expenses,220,Advertisement/Print Media,2206001.0,620.59,600.0,714.7,633.46903,841.56,790.0,347.31,735.0,424.34,458.43,,,,
Public Relations,0202,Administrative Expenses,220,Organisation of Festivals,2206005.0,0.0,0.0,0.0,83.13514,0.0,0.0,58.07,0.0,112.0,125.0,,,,
Public Relations,0202,Administrative Expenses,220,"Meetings, Seminars, Conferences, Exhibitions, etc.",2206006.0,214.8,172.42,230.0,141.1474,720.0,650.0,86.12,140.0,246.12,251.0,,,,
Total for Public Relations (0202),,,,,,1259.51,1328.77,1552.75,1207.57715,2491.63,2399.0,846.38,1317.0,1328.46,1414.58,,,,
Information Technology,0203,Establishment Expenses,210,Basic Pay,2101001.0,25.84,35.0,30.0,24.90233,30.0,32.0,25.66,32.0,35.0,38.0,,,,
Information Technology,0203,Establishment Expenses,210,Dearness Allowance,2101002.0,12.63,20.0,10.0,14.76138,10.0,20.0,18.49,20.0,18.0,20.0,,,,.
Information Technology,0203,Establishment Expenses,210,House Rent Allowance,2101003.0,7.74,11.5,10.0,7.27406,10.0,8.0,7.51,9.0,13.0,15.0,,,,
Information Technology,0203,Establishment Expenses,210,CCA,2101004.0,0.42,1.0,1.0,0.4145,1.0,1.0,0.54,1.0,1.0,1.0,,,,
Information Technology,0203,Establishment Expenses,210,Conveyance & Other Allowances,2101005.0,0.51,6.0,1.0,1.58317,1.0,3.0,2.08,4.0,2.0,2.0,,,,
Information Technology,0203,Establishment Expenses,210,Interim Relief,2101006.0,0.0,0.0,0.0,0.0,0.0,0.0,5.4,0.0,2.25,2.5,,,,
Information Technology,0203,Establishment Expenses,210,Outsource Agencies Wages(I.T. Professionals),2101021.0,0.0,0.0,0.0,0.0,0.0,0.0,0.0,0.0,0.0,0.0,,,,
Information Technology,0203,Establishment Expenses,210,Service Pension,2103001.0,0.0,0.0,0.0,0.0,0.0,0.0,2.64,0.0,8.0,8.0,,,,
Information Technology,0203,Establishment Expenses,210,Family Pension,2103002.0,0.0,0.0,0.0,0.0,0.0,0.0,0.31,0.0,1.5,1.5,,,,
Information Technology,0203,Administrative Expenses,220,"Office Telephone, Mobiles, Fax and Leased Lines",2201201.0,214.75,219.33,230.0,205.16679,240.0,250.0,181.16,200.0,203.0,214.0,,,,
Information Technology,0203,Administrative Expenses,220,Computer Consumables,2202103.0,107.66,155.8,123.49,143.46306,137.0,145.0,47.61,150.0,321.0,326.0,,,,
Information Technology,0203,Operation & Maintenance,230,Repairs and Maintenance to Computers & Network,2305902.0,118.49,158.0,240.0,156.81395,269.7,400.0,253.53,300.0,252.0,265.0,,,,
Total for Information Technology (0203),,,,,,488.04,606.63,645.49,554.37924,698.7,859.0,544.93,716.0,856.75,893.0,,,,
Legal,0204,Establishment Expenses,210,Basic Pay,2101001.0,15.81,22.0,20.0,20.12464,20.0,25.0,6.06,25.0,18.0,20.0,,,,
Legal,0204,Establishment Expenses,210,Dearness Allowance,2101002.0,7.86,10.0,10.0,11.30135,10.0,16.0,12.13,15.0,9.0,10.0,,,,
Legal,0204,Establishment Expenses,210,House Rent Allowance,2101003.0,5.04,7.0,10.0,5.88742,10.0,7.0,5.02,7.0,9.5,11.0,,,,
Legal,0204,Establishment Expenses,210,CCA,2101004.0,0.26,0.5,1.0,0.00529,1.0,1.0,0.13,1.0,2.0,2.5,,,,
Legal,0204,Establishment Expenses,210,Conveyance & Other Allowances,2101005.0,0.58,1.0,1.0,0.84187,1.0,2.0,4.19,2.0,2.5,3.0,,,,
Legal,0204,Establishment Expenses,210,Interim Relief,2101006.0,0.0,1.0,1.0,0.80644,1.0,3.0,4.1,3.0,1.5,0.5,,,,
Legal,0204,Establishment Expenses,210,Service Pension,2103001.0,0.0,0.0,0.0,0.0,0.0,0.0,0.0,0.0,8.5,9.5,,,,
Legal,0204,Administrative Expenses,220,Legal Fees,2205101.0,159.79,171.0,180.0,167.98036,220.0,210.0,101.42,150.0,156.0,183.0,,,,
Legal,0204,Administrative Expenses,220,Compensation ordered by Courts,2205104.0,11.36,25.0,10.0,83.98762,15.0,25.0,1.5,80.0,136.0,147.0,,,,
Total for Legal (0204),,,,,,200.7,237.5,233.0,290.93499,278.0,289.0,134.55,283.0,343.0,386.5,,,,
Vigilance,0205,Establishment Expenses,210,Basic Pay,2101001.0,23.35,30.0,30.0,23.35744,30.0,30.0,16.04,30.0,40.0,43.0,,,,
Vigilance,0205,Establishment Expenses,210,Dearness Allowance,2101002.0,10.99,15.0,10.0,13.01583,10.0,18.0,12.03,16.0,11.0,12.0,,,,
Vigilance,0205,Establishment Expenses,210,House Rent Allowance,2101003.0,6.83,8.0,10.0,6.36352,10.0,7.0,4.82,8.0,14.0,15.0,,,,
Vigilance,0205,Establishment Expenses,210,CCA,2101004.0,34.94,33.0,20.0,24.3201,20.0,35.0,40.7,42.0,41.0,57.0,,,,
Vigilance,0205,Establishment Expenses,210,Conveyance & Other Allowances,2101005.0,0.9,2.0,2.0,3.44467,2.0,8.0,4.26,7.0,13.0,14.0,,,,
Vigilance,0205,Establishment Expenses,210,Interim Relief,2101006.0,0.0,1.0,1.0,0.27654,1.0,2.0,0.46,1.0,0.5,0.5,,,,
Total for Vigilance (0205),,,,,,77.01,89.0,73.0,70.7781,73.0,100.0,78.31,104.0,119.5,141.5,,,,
Finance & Accounts,0301,Establishment Expenses,210,Basic Pay,2101001.0,835.25,855.01,760.0,574.53659,881.97,720.0,614.24,735.0,900.0,958.0,,,,
Finance & Accounts,0301,Establishment Expenses,210,Dearness Allowance,2101002.0,380.43,3918.17,2731.74,344.24335,2915.0,475.0,453.99,440.0,454.0,439.0,,,,
Finance & Accounts,0301,Establishment Expenses,210,House Rent Allowance,2101003.0,233.48,298.76,240.0,161.24861,250.0,178.0,172.61,185.0,376.0,394.5,,,,
Finance & Accounts,0301,Establishment Expenses,210,CCA,2101004.0,21.02,40.1,30.0,12.76163,30.0,20.0,14.68,22.0,37.5,47.5,,,,
Finance & Accounts,0301,Establishment Expenses,210,Conveyance & Other Allowances,2101005.0,19.82,16.2,10.0,16.801,10.0,40.0,36.63,35.0,94.5,114.5,,,,
Finance & Accounts,0301,Establishment Expenses,210,Interim Relief,2101006.0,3.34,10.85,20.0,29.08098,20.13,118.0,116.88,106.0,23.53,19.5,,,,
Finance & Accounts,0301,Establishment Expenses,210,Surrender Leave Encashment,2101007.0,185.54,350.0,356.07,171.77164,722.17,720.0,5.08,800.0,139.0,146.38,,,,
Finance & Accounts,0301,Establishment Expenses,210,Medical Reimbursement,2102002.0,0.0,0.0,0.0,0.0,0.0,0.0,3.96,0.0,3.0,7.0,,,,
Finance & Accounts,0301,Establishment Expenses,210,Salary Reimbursement to Parent Departments,2101051.0,7.48,345.58,20.0,0.0,20.0,0.0,0.0,0.0,0.0,0.0,,,,
Finance & Accounts,0301,Establishment Expenses,210,Concession in Bus-Pass,2102008.0,0.0,0.0,0.0,0.0,0.0,0.0,196.0,0.0,0.0,0.0,,,,
Finance & Accounts,0301,Establishment Expenses,210,Liveries to Employees and Staff,2102015.0,0.82,1.5,2.0,0.0,3.0,0.0,0.0,0.0,0.0,0.0,,,,
Finance & Accounts,0301,Establishment Expenses,210,Service Pension,2103001.0,5443.1,6000.0,5451.5,6850.66064,6000.0,7400.0,2789.73,7240.0,3747.5,4213.0,,,,
Finance & Accounts,0301,Establishment Expenses,210,Family Pension,2103002.0,813.58,1069.36,825.0,817.3869,860.0,1225.0,749.64,1430.0,1396.0,1532.0,,,,
Finance & Accounts,0301,Establishment Expenses,210,Anticipatory and Provisional Pension,2103003.0,3.96,6.0,5.42,8.44615,6.95,15.0,10.12,20.0,35.0,47.0,,,,
Finance & Accounts,0301,Establishment Expenses,210,Old Age Pension,2103004.0,408.06,700.0,770.0,1352.4478,978.91,1740.0,-112.7,1950.0,1139.61,1054.5,,,,
Finance & Accounts,0301,Establishment Expenses,210,Leave encashment on Retirement,2104001.0,925.04,1050.0,1039.09,901.95057,1059.9,1060.0,873.15,1100.0,1081.0,1137.0,,,,
Finance & Accounts,0301,Establishment Expenses,210,Death cum Retirement gratuity,2104002.0,1812.87,2400.0,2360.0,1984.03241,2452.15,2450.0,1878.88,2400.0,3264.0,3546.0,,,,
Finance & Accounts,0301,Establishment Expenses,210,Commuted Pension,2104003.0,1268.25,1550.0,1488.28,1226.2991,1738.96,1740.0,1126.07,1700.0,3667.18,4110.1,,,,
Finance & Accounts,0301,Establishment Expenses,210,Employer Contribution for New Pension,2104006.0,0.0,60.0,938.5,530.07954,148.0,200.0,17.6,300.0,106.0,406.0,,,,
Finance & Accounts,0301,Administrative Expenses,220,Office Electricity Charges,2201101.0,80.23,42.0,60.0,15.79605,70.0,70.0,18.97,50.0,3.4,3.0,,,,
Finance & Accounts,0301,Administrative Expenses,220,Office Water Charges,2201102.0,18.34,9.2,9.2,5.64434,12.91,20.0,3.73,10.0,1.0,1.0,,,,
Finance & Accounts,0301,Administrative Expenses,220,"Office Telephone, Mobiles, Fax and Leased Lines",2201201.0,12.22,90.3,28.24,7.42275,42.55,50.0,3.28,12.0,7.0,7.6,,,,
Finance & Accounts,0301,Administrative Expenses,220,Hiring Charges for Light Vehicles (Other than Conservancy),2203004.0,0.01,2.0,5.0,0.0,5.0,0.0,3.26,0.0,6.0,6.5,,,,
Finance & Accounts,0301,Administrative Expenses,220,Legal Fees,2205101.0,0.0,0.02,3.0,0.0,2.0,0.0,0.0,0.0,1.0,1.0,,,,
Finance & Accounts,0301,Administrative Expenses,220,Consultancy Charges,2205201.0,0.39,476.73,330.0,222.11395,360.0,350.0,34.42,340.0,88.5,61.3,,,,
Finance & Accounts,0301,Administrative Expenses,220,Other Professional Charges,2205202.0,0.0,0.0,0.0,7.36007,69.0,20.0,2.99,25.0,13.0,18.3,,,,
Finance & Accounts,0301,Interest & Finance Charges,240,Interest on Loans,2405001.0,0.0,1000.0,1000.0,0.0,200.0,0.0,0.0,0.0,0.0,0.0,,,,
Finance & Accounts,0301,Interest & Finance Charges,240,Interest on Bank Overdrafts,2405002.0,1231.84,1800.0,1792.56,0.0,250.0,0.0,0.0,0.0,0.0,0.0,,,,
Finance & Accounts,0301,Interest & Finance Charges,240,Miscellaneous Bank Charges,2407001.0,15.69,50.0,11.44,1.77924,19.45,20.0,1.94,20.0,14.0,18.0,,,,
Finance & Accounts,0301,Interest & Finance Charges,240,Transaction Processing for Collections,2408003.0,0.0,50.0,50.0,0.0,55.0,70.0,0.0,100.0,124.0,120.0,,,,
Total for Finance & Accounts (0301),,,,,,13720.76,22191.78,20337.04,15241.86331,19183.05,18701.0,9015.15,19020.0,16721.72,18408.68,,,,
Audit ,0302,Establishment Expenses,210,Basic Pay,2101001.0,173.15,254.0,230.0,153.38158,230.0,195.0,154.95,195.0,284.35,306.35,,,,
Audit ,0302,Establishment Expenses,210,Dearness Allowance,2101002.0,81.82,112.0,80.0,96.71049,80.0,135.0,107.04,120.0,68.68,89.02,,,,
Audit ,0302,Establishment Expenses,210,House Rent Allowance,2101003.0,46.34,89.0,70.0,45.46468,70.0,50.0,41.16,50.0,126.79,150.85,,,,
Audit ,0302,Establishment Expenses,210,CCA,2101004.0,4.57,11.65,10.0,3.36663,10.0,5.0,3.12,6.0,27.31,31.0,,,,
Audit ,0302,Establishment Expenses,210,Conveyance & Other Allowances,2101005.0,0.34,4.8,1.0,0.53711,1.0,2.0,4.79,2.0,6.87,7.37,,,,
Audit ,0302,Establishment Expenses,210,Interim Relief,2101006.0,0.0,1.5,2.0,9.15348,2.0,37.0,33.87,33.0,5.5,3.5,,,,
Audit ,0302,Establishment Expenses,210,Surrender Leave Encashment,2101007.0,0.0,0.0,0.0,0.0,0.0,0.0,7.27,0.0,9.19,12.95,,,,
Audit ,0302,Establishment Expenses,210,Service Pension,2103001.0,0.0,0.0,0.0,0.0,0.0,0.0,112.59,0.0,118.06,125.55,,,,
Total for Audit (0302),,,,,,306.22,472.95,393.0,308.61397,393.0,424.0,464.79,406.0,646.75,726.59,,,,
Local Body Elections,0401,Establishment Expenses,210,Basic Pay,2101001.0,75.32,95.0,80.0,84.84501,90.0,105.0,104.4,105.0,140.0,150.0,,,,
Local Body Elections,0401,Establishment Expenses,210,Dearness Allowance,2101002.0,40.25,45.0,30.0,35.61481,30.0,50.0,39.86,45.0,45.0,47.0,,,,
Local Body Elections,0401,Establishment Expenses,210,House Rent Allowance,2101003.0,13.56,35.0,30.0,15.47952,30.0,18.0,15.4,18.0,35.0,38.0,,,,
Local Body Elections,0401,Establishment Expenses,210,CCA,2101004.0,1.09,1.0,1.0,1.29096,1.0,2.0,1.29,3.0,3.0,3.16,,,,
Local Body Elections,0401,Establishment Expenses,210,Conveyance & Other Allowances,2101005.0,0.31,1.0,1.0,0.26823,1.0,1.0,0.39,1.0,1.0,1.05,,,,
Local Body Elections,0401,Establishment Expenses,210,Interim Relief,2101006.0,0.14,1.0,2.0,3.58871,2.0,15.0,13.57,13.0,13.0,13.65,,,,
Local Body Elections,0401,Programme Expenses,250,MP/MLA Elections,2501001.0,26.93,60.0,33.0,39.63016,36.0,100.0,806.57,100.0,306.0,302.0,,,,
Local Body Elections,0401,Programme Expenses,250,Local Body Elections,2501002.0,0.0,20.0,6.1,21.13043,20.1,1600.0,82.75,300.0,742.0,164.1,,,,
Total for Local Body Elections (0401),,,,,,157.6,258.0,183.1,201.84783,210.1,1891.0,1064.23,585.0,1285.0,718.96,,,,
Estate,0600,Establishment Expenses,210.0,Basic Pay,2101001.0,47.26,60.0,50.0,38.6537,50.0,50.0,30.23,50.0,72.25,75.4,,,,
Estate,0600,Establishment Expenses,210.0,Dearness Allowance,2101002.0,19.92,20.0,10.0,23.94894,10.0,30.0,25.43,30.0,20.38,24.0,,,,
Estate,0600,Establishment Expenses,210.0,House Rent Allowance,2101003.0,11.31,20.0,20.0,11.82928,20.0,14.0,9.06,14.0,19.3,23.0,,,,
Estate,0600,Establishment Expenses,210.0,CCA,2101004.0,0.95,1.0,1.0,0.92671,1.0,2.0,0.72,2.0,1.2,1.4,,,,
Estate,0600,Establishment Expenses,210.0,Conveyance & Other Allowances,2101005.0,0.31,1.0,1.0,1.83273,1.0,4.0,3.61,4.0,8.0,10.0,,,,
Estate,0600,Establishment Expenses,210.0,Interim Relief,2101006.0,0.0,0.0,0.0,0.0,0.0,0.0,4.31,0.0,0.9,0.25,,,,
Estate,0600,Establishment Expenses,210.0,Service Pension,2103001.0,0.0,0.0,0.0,0.0,0.0,0.0,32.17,0.0,42.1,48.1,,,,
Estate,0600,Establishment Expenses,210.0,Family Pension,2103002.0,0.0,0.0,0.0,0.0,0.0,0.0,0.72,0.0,20.0,35.0,,,,
Total for Estate (0600),,,,,,79.75,102.0,82.0,77.19136,82.0,100.0,106.25,100.0,184.13,217.15,,,,
City and Town Planning,1100,Establishment Expenses,210.0,Basic Pay,2101001.0,607.31,793.49,700.0,605.61169,710.0,760.0,591.84,775.0,931.0,1025.0,,,,
City and Town Planning,1100,Establishment Expenses,210.0,Dearness Allowance,2101002.0,304.44,317.09,220.0,363.53633,480.0,500.0,439.95,465.0,255.0,275.0,,,,
City and Town Planning,1100,Establishment Expenses,210.0,House Rent Allowance,2101003.0,160.7,229.15,180.0,161.40274,190.0,180.0,147.13,185.0,241.5,279.0,,,,
City and Town Planning,1100,Establishment Expenses,210.0,CCA,2101004.0,11.72,31.94,20.0,12.06835,20.0,18.0,11.47,20.0,29.5,31.25,,,,
City and Town Planning,1100,Establishment Expenses,210.0,Conveyance & Other Allowances,2101005.0,4.56,14.55,10.0,14.002,10.0,32.0,49.32,30.0,81.5,89.5,,,,
City and Town Planning,1100,Establishment Expenses,210.0,Interim Relief,2101006.0,1.45,12.7,20.0,25.52598,20.0,105.0,106.07,94.0,12.07,8.0,,,,
City and Town Planning,1100,Establishment Expenses,210.0,Surrender Leave Encashment,2101007.0,0.0,0.0,0.0,0.0,0.0,0.0,6.15,0.0,51.77,59.47,,,,
City and Town Planning,1100,Establishment Expenses,210.0,Service Pension,2103001.0,0.0,0.0,0.0,0.0,0.0,0.0,135.09,0.0,101.5,110.5,,,,
City and Town Planning,1100,Establishment Expenses,210.0,Family Pension,2103002.0,0.0,0.0,0.0,0.0,0.0,0.0,1.12,0.0,2.0,2.0,,,,
City and Town Planning,1100,Administrative Expenses,220.0,"Office Telephone, Mobiles, Fax and Leased Lines",2201201.0,0.14,0.1,1.0,0.01168,1.0,4.0,0.08,2.0,0.0,0.0,,,,
City and Town Planning,1100,Administrative Expenses,220.0,Consultancy Charges,2205201.0,0.23,2.0,3.0,0.0,3.0,0.0,2.5,0.0,0.0,0.0,,,,
City and Town Planning,1100,Operation & Maintenance,230.0,"Mapping, Plotting & Drawing Expenses",2308005.0,1.26,40.0,40.0,0.0,44.0,20.0,2.63,5.0,0.0,5.0,,,,
City and Town Planning,1100,Operation & Maintenance,230.0,Naming & Numbering Streets,2308006.0,4.72,150.0,150.0,27.06904,1000.0,450.0,0.0,200.0,35.0,40.0,,,,
Total for City and Town Planning (1100),,,,,,1096.53,1591.02,1344.0,1209.22781,2478.0,2069.0,1493.35,1776.0,1740.84,1924.72,,,,
Street Lighting,2400,Establishment Expenses,210.0,Basic Pay,2101001.0,77.98,98.0,90.0,36.79484,90.0,45.0,54.42,45.0,352.0,403.0,,,,
Street Lighting,2400,Establishment Expenses,210.0,Dearness Allowance,2101002.0,33.26,40.0,30.0,26.11823,30.0,36.0,33.13,35.0,49.0,54.0,,,,
Street Lighting,2400,Establishment Expenses,210.0,House Rent Allowance,2101003.0,20.68,24.0,20.0,11.7841,20.0,13.0,14.23,14.0,67.0,77.0,,,,
Street Lighting,2400,Establishment Expenses,210.0,CCA,2101004.0,1.81,2.0,2.0,0.822,2.0,2.0,2.33,2.0,4.5,4.5,,,,
Street Lighting,2400,Establishment Expenses,210.0,Conveyance & Other Allowances,2101005.0,0.77,2.0,1.0,0.79582,1.0,2.0,6.01,2.0,17.0,19.0,,,,
Street Lighting,2400,Establishment Expenses,210.0,Interim Relief,2101006.0,0.0,2.0,2.0,1.78601,2.0,7.0,13.07,7.0,5.5,2.5,,,,
Street Lighting,2400,Establishment Expenses,210.0,Salary Reimbursement to Parent Departments,2101051.0,627.3,250.0,609.65,0.0,329.9,0.0,0.0,0.0,0.0,0.0,,,,
Street Lighting,2400,Operation & Maintenance,230,Power Charges for Street Lighting,2301001.0,12394.43,14000.0,13077.17,17809.48587,16000.0,18200.0,16939.46,20000.0,17485.0,18216.7,,,,
Street Lighting,2400,Operation & Maintenance,230,Power Charges for Water Pumping,2301002.0,167.03,800.0,800.0,731.0824,816.79,800.0,1475.83,600.0,1471.32,1568.95,,,,
Street Lighting,2400,Operation & Maintenance,230,Repairs & Maintenance to Street Lighting,2305009.0,2998.32,5000.0,3900.0,3291.28027,6545.0,7800.0,3364.62,2500.0,3433.0,3850.3,,,,
Total for Street Lighting (2400),,,,,,16321.58,20218.0,18531.82,21909.94954,23836.69,26905.0,21903.1,23205.0,22884.32,24195.95,,,,
Transportation Planning,2602,Establishment Expenses,210,Basic Pay,2101001.0,20.18,1.06,20.0,0.0,20.0,0.0,1.95,0.0,0.0,0.0,,,,
Transportation Planning,2602,Establishment Expenses,210,Dearness Allowance,2101002.0,9.05,0.6,10.0,0.0,10.0,0.0,0.0,0.0,0.0,0.0,,,,
Transportation Planning,2602,Establishment Expenses,210,House Rent Allowance,2101003.0,5.69,0.62,10.0,0.0,10.0,0.0,0.0,0.0,0.0,0.0,,,,
Transportation Planning,2602,Establishment Expenses,210,CCA,2101004.0,0.39,0.01,1.0,0.0,1.0,0.0,0.0,0.0,0.0,0.0,,,,
Transportation Planning,2602,Establishment Expenses,210,Conveyance & Other Allowances,2101005.0,0.77,0.0,1.0,0.0,1.0,0.0,0.0,0.0,0.0,0.0,,,,
Transportation Planning,2602,Operation & Maintenance,230,Repairs & Maintenance of Traffic Signals,2305008.0,134.12,125.0,125.0,89.39597,128.0,140.0,28.65,300.0,100.0,125.0,,,,
Transportation Planning,2602,Operation & Maintenance,230,Road Marking,2305910.0,0.0,130.0,187.5,75.4213,213.5,150.0,137.68,70.0,30.0,35.0,,,,
Total for Transportation Planning (2602),,,,,,170.2,257.29,354.5,164.81727,383.5,290.0,168.28,370.0,130.0,160.0,,,,
Public Works-General,2801,Establishment Expenses,210,Basic Pay,2101001.0,2036.07,2698.0,2370.0,2132.45442,2930.0,2680.0,2171.02,2735.0,3220.0,3473.0,,,,
Public Works-General,2801,Establishment Expenses,210,Dearness Allowance,2101002.0,992.14,1110.0,770.0,1278.53351,1050.0,1760.0,1614.31,1635.0,1083.0,1354.0,,,,
Public Works-General,2801,Establishment Expenses,210,House Rent Allowance,2101003.0,574.24,780.05,630.0,604.99452,640.0,670.0,610.98,695.0,1183.0,1290.0,,,,
Public Works-General,2801,Establishment Expenses,210,CCA,2101004.0,40.62,110.2,80.0,45.05383,80.0,65.0,52.54,80.0,107.0,120.0,,,,
Public Works-General,2801,Establishment Expenses,210,Conveyance & Other Allowances,2101005.0,64.55,72.7,60.0,59.51105,60.0,140.0,183.75,130.0,191.0,201.0,,,,
Public Works-General,2801,Establishment Expenses,210,Interim Relief,2101006.0,7.31,30.06,40.0,111.09167,50.0,452.0,436.35,407.0,152.96,126.0,,,,
Public Works-General,2801,Establishment Expenses,210,Surrender Leave Encashment,2101007.0,0.0,0.0,0.0,0.0,0.0,0.0,14.52,0.0,126.04,134.2,,,,
Public Works-General,2801,Establishment Expenses,210,Salary Reimbursement to Parent Departments,2101051.0,0.2,1.8,2.0,0.0,2.0,0.0,0.47,0.0,1.25,3.3,,,,
Public Works-General,2801,Establishment Expenses,210,Service Pension,2103001.0,0.0,0.0,0.0,0.0,0.0,0.0,251.79,0.0,128.0,139.0,,,,
Public Works-General,2801,Establishment Expenses,210,Family Pension,2103002.0,0.0,0.0,0.0,0.0,0.0,0.0,4.85,0.0,8.0,10.33,,,,
Public Works-General,2801,Administrative Expenses,220,Office Electricity Charges,2201101.0,0.88,8.0,10.0,10.82055,10.0,30.0,2.91,20.0,6.0,7.0,,,,
Public Works-General,2801,Administrative Expenses,220,"Office Telephone, Mobiles, Fax and Leased Lines",2201201.0,1.77,2.65,3.0,0.4081,3.0,4.0,0.29,2.0,2.0,3.0,,,,
Public Works-General,2801,Administrative Expenses,220,Hiring Charges for Light Vehicles (Other than Conservancy),2203004.0,9.0,13.0,20.0,0.0,20.0,0.0,0.0,0.0,0.0,0.0,,,,
Public Works-General,2801,Administrative Expenses,220,Consultancy Charges,2205201.0,2.3,72.8,50.0,0.0,50.0,0.0,104.49,0.0,0.0,0.0,,,,
Public Works-General,2801,Administrative Expenses,220,Other Professional Charges,2205202.0,119.52,80.57,59.67,6.00036,0.0,20.0,0.0,25.0,100.0,125.0,,,,
Public Works-General,2801,Administrative Expenses,220,Payment from 3% Contingency,2208051.0,49.39,11.38,4.51,9.21409,6.95,8.0,0.0,8.0,16.0,16.0,,,,
Public Works-General,2801,Operation & Maintenance,230,Repairs and Maintenance of Major Roads & Pavements,2305001.0,6709.47,6500.0,6200.0,2366.28015,8500.0,8500.0,5666.36,3800.0,3650.0,3975.0,,,,
Public Works-General,2801,Operation & Maintenance,230,Repairs and Maintenance to Inner Roads,2305002.0,2860.95,6000.0,4770.0,2105.06841,7500.0,7500.0,2542.57,3000.0,3766.15,4129.41,,,,
Public Works-General,2801,Operation & Maintenance,230,"Repairs and maintenance to Bridges, Culverts & Flyovers",2305003.0,73.05,175.0,502.0,218.13574,543.0,500.0,35.45,350.0,355.0,365.0,,,,
Public Works-General,2801,Operation & Maintenance,230,Sewerage Lines (O&M),2305006.0,0.0,0.0,300.0,110.97109,500.0,500.0,334.53,600.0,702.33,777.56,,,,
Public Works-General,2801,Operation & Maintenance,230,Repairs and Maintenance to Storm Water Drains,2305007.0,3302.74,4000.0,4510.0,3487.66394,6000.0,6000.0,3790.03,4400.0,5055.5,5460.0,,,,
Public Works-General,2801,Operation & Maintenance,230,Rain Water Harvesting Structure,2305011.0,0.0,300.0,210.0,0.84754,419.8,400.0,1.19,400.0,231.0,266.5,,,,
Public Works-General,2801,Operation & Maintenance,230,Road Cutting and Restoration,2305021.0,897.46,2000.0,1730.0,686.38879,2500.0,2500.0,1209.24,950.0,1960.0,2760.0,,,,
Public Works-General,2801,Operation & Maintenance,230,Repairs and Maintenance to Buildings,2305205.0,679.8,500.0,1689.24,483.48437,1100.99,850.0,500.83,600.0,927.0,1030.8,,,,
Public Works-General,2801,Operation & Maintenance,230,Maintenance of Heritage Structures / Buildings,2305206.0,7.91,500.0,500.0,0.0,510.0,50.0,0.0,400.0,210.0,225.0,,,,
Public Works-General,2801,Operation & Maintenance,230,"Repairs and Maintenance to Furniture, Fixtures and Equipment",2305901.0,110.33,120.0,178.66,41.22326,247.41,350.0,35.43,300.0,212.0,233.79,,,,
Public Works-General,2801,Operation & Maintenance,230,Repairs and Maintenance to Computers & Network,2305902.0,0.0,382.0,56.84,0.0,59.12,200.0,0.0,100.0,54.0,64.4,,,,
Public Works-General,2801,Operation & Maintenance,230,Demolition & Removal Expenses,2308007.0,42.67,65.0,317.39,117.97248,300.0,400.0,115.04,400.0,272.0,298.0,,,,
Public Works-General,2801,Operation & Maintenance,230,Quality Control Expenses,2308008.0,0.02,90.0,79.5,4.85395,99.91,120.0,5.02,300.0,251.0,283.0,,,,
Total for Public Works-General (2801),,,,,,18582.39,25623.21,25142.81,13880.97182,33182.18,33699.0,19683.96,21337.0,23970.23,26870.29,,,,
Public Health,3100,Establishment Expenses,210,Basic Pay,2101001.0,7921.65,9718.0,8620.0,6772.87892,9728.03,8500.0,6107.7,8685.0,9371.81,10895.13,,,,
Public Health,3100,Establishment Expenses,210,Dearness Allowance,2101002.0,3493.17,3586.5,2500.0,3982.59812,3043.61,5485.0,4554.6,5095.0,2571.87,3442.86,,,,
Public Health,3100,Establishment Expenses,210,House Rent Allowance,2101003.0,2108.41,2699.1,2149.1,1914.65238,2184.59,2125.0,1764.68,2195.0,2881.21,3094.24,,,,
Public Health,3100,Establishment Expenses,210,CCA,2101004.0,178.95,309.67,215.23,164.31464,245.06,225.0,155.64,282.0,231.49,257.03,,,,
Public Health,3100,Establishment Expenses,210,Conveyance & Other Allowances,2101005.0,98.14,161.5,135.76,183.56847,145.61,430.0,474.79,405.0,398.95,540.27,,,,
Public Health,3100,Establishment Expenses,210,Interim Relief,2101006.0,12.69,70.45,118.18,288.16446,118.98,1175.0,1212.4,1054.0,189.79,248.0,,,,
Public Health,3100,Establishment Expenses,210,Wages to Sanitation Workers Through Contractors/Societies,2101023.0,17723.97,17601.0,22355.0,20980.2025202,22693.95,27700.0,25944.67,30000.0,26550.0,30589.63,,,,
Public Health,3100,Establishment Expenses,210,Wages to Entomology Workers Through Contractors/Societies,2101024.0,1865.04,2000.0,2957.31,2846.42889,3173.52,3535.0,2971.24,2450.0,3155.39,3415.36,,,,
Public Health,3100,Establishment Expenses,210,Service Pension,2103001.0,0.0,0.0,0.0,0.0,0.0,0.0,3933.0,0.0,3400.0,3516.56,,,,
Public Health,3100,Establishment Expenses,210,Family Pension,2103002.0,0.0,10.0,5.0,0.0,5.0,0.0,23.3,0.0,155.0,221.0,,,,
Public Health,3100,Administrative Expenses,220,"Insurance for Vehicles, Equipment and Taxes",2201003.0,65.02,200.0,175.0,108.62833,200.0,300.0,0.0,115.0,207.1,210.13,,,,
Public Health,3100,Administrative Expenses,220,Office Electricity Charges,2201101.0,76.37,1.5,80.0,0.98966,80.0,50.0,4.36,30.0,11.0,12.0,,,,
Public Health,3100,Administrative Expenses,220,"Office Telephone, Mobiles, Faxes and Leased Lines",2201201.0,0.33,0.0,1.0,0.13843,1.0,4.0,0.1,2.0,2.0,2.0,,,,
Public Health,3100,Operation & Maintenance,230,Fuel for Light Vehicles,2301003.0,2713.18,450.0,365.0,271.34669,192.89,300.0,19.09,350.0,200.0,210.0,,,,
Public Health,3100,Operation & Maintenance,230,Fuel for Heavy Vehicles,2301004.0,3529.05,4850.0,5630.53,7007.04716,6500.0,10100.0,8182.72,7650.0,9374.5,9747.0,,,,
Public Health,3100,Operation & Maintenance,230,Fuel for Staff Vehicles,2301005.0,317.89,700.0,350.0,348.33181,450.0,500.0,333.8,500.0,450.0,460.0,,,,
Public Health,3100,Operation & Maintenance,230,Purchase of Medicines,2302002.0,0.27,12.0,12.0,0.52905,21.5,30.0,3.4,30.0,15.0,17.0,,,,
Public Health,3100,Operation & Maintenance,230,Rent and Hire Chares of Vehicles and Machinery,2304001.0,3049.7,2400.0,4170.0,4836.80761,4857.21,6300.0,4729.1,4000.0,4768.4,5153.85,,,,
Public Health,3100,Operation & Maintenance,230,Rent and Hire of Mechanical Sweeping Services,2304003.0,0.0,0.0,0.0,0.0,3600.0,1200.0,0.0,500.0,300.0,310.0,,,,
Public Health,3100,Operation & Maintenance,230,Repairs and Maintenance to Public Toilets,2305109.0,38.46,150.0,151.6,34.31245,159.63,150.0,35.69,250.0,212.5,234.0,,,,
Public Health,3100,Operation & Maintenance,230,Swatch Bharath,2305120.0,0.0,0.0,0.0,0.0,0.0,0.0,0.0,0.0,373.0,403.0,,,,
Public Health,3100,Operation & Maintenance,230,Repairs and Maintenance to Burial Grounds,2305115.0,124.52,400.0,615.0,196.96079,1754.55,1000.0,207.43,1100.0,533.0,568.3,,,,
Public Health,3100,Operation & Maintenance,230,Repairs and Maintenance to Vehicles,2305301.0,2923.49,500.0,3000.0,3771.48377,3200.0,3200.0,3176.81,3000.0,3211.1,3512.63,,,,
Public Health,3100,Operation & Maintenance,230,Expenses on Unclaimed Dead Bodies,2308011.0,4.4,35.0,33.48,10.096,38.24,80.0,9.49,50.0,132.5,146.8,,,,
Public Health,3100,Operation & Maintenance,230,Control of Stray Animals,2308012.0,579.26,700.0,650.0,565.41874,750.0,680.0,609.35,440.0,835.0,919.0,,,,
Public Health,3100,Operation & Maintenance,230,"Sanitation / Conservancy Tools, Material and Expenses",2308013.0,5482.22,2600.0,1485.0,1173.02355,1600.0,2900.0,1540.06,2500.0,1718.0,1874.2,,,,
Public Health,3100,Operation & Maintenance,230,Maintenance of Garbage Dumping Yards / Transfer Stations/Dumper Bins,2308015.0,7040.16,5000.0,150.0,141.67422,500.0,500.0,20.19,500.0,1075.0,434.73,,,,
Public Health,3100,Operation & Maintenance,230,Maintenance of Slaughter House,2308016.0,2.9,15.0,17.0,0.0,18.75,120.0,0.0,350.0,145.85,161.53,,,,
Public Health,3100,Programme Expenses,250,"Urban Malaria Eradication -Purchase of Materials, Tools, Oils etc.",2502002.0,1023.89,750.0,898.0,232.1337368,1200.0,1100.0,87.9,400.0,207.0,227.0,,,,
Public Health,3100,Programme Expenses,250,"Urban Dengue Eradication - Purchase of Material, Tools, Oils & Wages etc.",2502012.0,0.0,0.0,300.0,0.0,100.0,100.0,74.95,100.0,50.0,75.0,,,,
Total for Public Health (3100),,,,,,60373.13,54919.72,57139.19,55831.730397,66562.12,77789.0,66176.46,72033.0,72726.46,80898.25,,,,
Veterinary Services,4300,Establishment Expenses,210,Basic Pay,2101001.0,0.0,2.67,0.0,9.26295,0.0,12.0,35.45,12.0,117.7,128.57,,,,
Veterinary Services,4300,Establishment Expenses,210,Dearness Allowance,2101002.0,0.0,2.89,0.0,4.0785,0.0,6.0,18.0,5.0,21.64,26.7,,,,
Veterinary Services,4300,Establishment Expenses,210,House Rent Allowance,2101003.0,0.0,0.7,0.0,2.47764,0.0,3.0,6.83,3.0,36.8,38.75,,,,
Veterinary Services,4300,Establishment Expenses,210,CCA,2101004.0,0.0,0.33,1.0,0.2135,1.0,1.0,0.49,1.0,2.47,2.63,,,,
Veterinary Services,4300,Establishment Expenses,210,Conveyance & Other Allowance,2101005.0,0.0,0.0,0.0,0.0,0.0,0.0,1.68,0.0,2.45,2.87,,,,
Veterinary Services,4300,Establishment Expenses,210,Interim Relief,2101006.0,0.0,0.0,0.0,0.0,0.0,0.0,5.46,0.0,1.75,1.0,,,,
Veterinary Services,4300,Establishment Expenses,210,Service Pension,2103001.0,0.0,0.0,0.0,0.0,0.0,0.0,94.59,0.0,108.85,119.27,,,,
Veterinary Services,4300,Establishment Expenses,210,Family Pension,2103002.0,0.0,0.0,0.0,0.0,0.0,0.0,0.01,0.0,20.0,82.0,,,,
Total for Veterinary Services (4300),,,,,,0.0,6.59,1.0,16.03259,1.0,22.0,162.51,21.0,311.66,401.79,,,,
Water Supply,5100,Operation & Maintenance,230,Power Charges for Water Pumping,2301002.0,929.76,0.0,100.0,0.0,100.0,1000.0,0.0,1000.0,650.11,632.05,,,,
Water Supply,5100,Operation & Maintenance,230,Water Supply Maintenance,2308019.0,3065.62,4993.0,6738.87,7851.54101,7428.49,7400.0,3547.57,3000.0,2640.0,3617.5,,,,
Total for Water Supply (5100),,,,,,3995.38,4993.0,6838.87,7851.54101,7528.49,8400.0,3547.57,4000.0,3290.11,4249.55,,,,
Fire Services,5300,Establishment Expenses,210,Basic Pay,2101001.0,0.0,0.0,0.0,0.0,0.0,0.0,2.9,0.0,0.0,0.0,,,,
Fire Services,5300,Establishment Expenses,210,Dearness Allowance,2101002.0,0.96,1.5,2.0,0.36048,2.0,1.0,2.08,1.0,0.0,0.0,,,,
Fire Services,5300,Establishment Expenses,210,House Rent Allowance,2101003.0,0.28,1.5,10.0,0.2256,10.0,1.0,1.24,1.0,0.0,0.0,,,,
Total for Fire Services (5300),,,,,,1.24,3.0,12.0,0.58608,12.0,2.0,6.22,2.0,0.0,0.0,,,,
Play Grounds,6200,Establishment Expenses,210,Basic Pay,2101001.0,198.84,226.0,200.0,185.23024,200.0,230.0,184.5,235.0,265.0,320.0,,,,
Play Grounds,6200,Establishment Expenses,210,Dearness Allowance,2101002.0,98.56,92.0,60.0,114.39234,70.0,155.0,142.93,145.0,74.0,88.0,,,,
Play Grounds,6200,Establishment Expenses,210,House Rent Allowance,2101003.0,58.69,79.0,60.0,55.8134,60.0,60.0,55.66,65.0,79.0,95.0,,,,
Play Grounds,6200,Establishment Expenses,210,CCA,2101004.0,6.14,7.05,10.0,4.50673,10.0,7.0,4.19,8.0,6.5,9.0,,,,
Play Grounds,6200,Establishment Expenses,210,Conveyance & Other Allowances,2101005.0,1.75,1.0,1.0,6.62866,1.0,15.0,5.51,15.0,15.5,18.0,,,,
Play Grounds,6200,Establishment Expenses,210,Interim Relief,2101006.0,0.22,1.0,1.0,11.05796,1.0,45.0,46.09,40.0,12.0,15.0,,,,
Play Grounds,6200,Establishment Expenses,210,Surrender Leave Encashment,2101007.0,0.0,0.0,0.0,0.0,0.0,0.0,0.29,0.0,5.0,8.0,,,,
Play Grounds,6200,Establishment Expenses,210,Educational Concession & Scholarships,2102010.0,0.0,0.0,0.0,0.0,500.0,100.0,2.85,200.0,25.0,100.0,,,,
Play Grounds,6200,Establishment Expenses,210,Service Pension,2103001.0,0.0,0.0,0.0,0.0,0.0,0.0,18.01,0.0,50.0,75.0,,,,
Play Grounds,6200,Establishment Expenses,210,Family Pension,2103002.0,0.0,0.0,0.0,0.0,0.0,0.0,0.53,0.0,5.0,10.0,,,,
Play Grounds,6200,Administrative Expenses,220,"Office Telephone, Mobiles, Faxes and Leased Lines",2201201.0,0.04,0.0,1.0,0.0,1.0,4.0,0.0,2.0,1.0,1.0,,,,
Play Grounds,6200,Administrative Expenses,220,Subscriptions & Membership Fees,2206102.0,0.0,12.0,12.0,0.0,14.0,10.0,0.06,5.0,5.0,5.5,,,,
Play Grounds,6200,Operation & Maintenance,230,Repairs and Maintenance to Play Grounds,2305105.0,169.78,300.0,318.0,142.7491,786.07,790.0,76.56,180.0,207.0,255.0,,,,
Play Grounds,6200,Operation & Maintenance,230,Swimming Pools,2305106.0,0.0,0.0,0.0,0.0,0.0,10.0,0.0,20.0,49.0,61.0,,,,
Play Grounds,6200,Programme Expenses,250,Summer/Winter Coaching Camps,2502009.0,19.88,60.0,75.0,23.36711,85.0,250.0,14.45,400.0,112.0,375.0,,,,
Total for Play Grounds (6200),,,,,,553.9,778.05,738.0,543.74554,1728.07,1676.0,551.63,1315.0,911.0,1435.5,,,,
Urban Forestry,6400,Establishment Expenses,210,Basic Pay,2101001.0,20.66,73.5,70.0,37.56183,70.0,50.0,76.12,50.0,212.0,224.0,,,,
Urban Forestry,6400,Establishment Expenses,210,Dearness Allowance,2101002.0,10.36,22.0,20.0,24.28019,20.0,35.0,57.75,30.0,105.0,113.0,,,,
Urban Forestry,6400,Establishment Expenses,210,House Rent Allowance,2101003.0,5.85,23.5,20.0,12.11108,20.0,14.0,22.4,14.0,75.0,80.0,,,,
Urban Forestry,6400,Establishment Expenses,210,CCA,2101004.0,0.35,3.0,3.0,1.1947,3.0,2.0,1.49,2.0,6.5,7.5,,,,
Urban Forestry,6400,Establishment Expenses,210,Conveyance & Other Allowances,2101005.0,0.2,1.0,1.0,1.54071,1.0,4.0,7.54,4.0,15.0,16.0,,,,
Urban Forestry,6400,Establishment Expenses,210,Interim Relief,2101006.0,0.07,1.0,1.0,2.15807,1.0,9.0,14.07,8.0,13.5,8.0,,,,
Urban Forestry,6400,Establishment Expenses,210,Service Pension,2103001.0,0.0,0.0,0.0,0.0,0.0,0.0,5.0,0.0,0.0,0.0,,,,
Urban Forestry,6400,Establishment Expenses,210,Family Pension,2103002.0,0.0,0.0,0.0,0.0,0.0,0.0,0.0,0.0,0.0,0.0,,,,
Urban Forestry,6400,Administrative Expenses,220,Office Electricity Charges,2201101.0,26.68,37.5,40.0,0.0,50.0,40.0,42.02,25.0,75.0,87.0,,,,
Urban Forestry,6400,Administrative Expenses,220,Office Water Charges,2201102.0,0.18,0.0,2.0,0.01748,4.0,15.0,0.0,5.0,4.0,4.53,,,,
Urban Forestry,6400,Administrative Expenses,220,Organisation of Festivals,2206005.0,0.0,0.0,0.0,0.61803,0.0,0.0,3.33,0.0,5.0,6.0,,,,
Urban Forestry,6400,Administrative Expenses,220,"Meetings, Seminars, Conferences, Exhibitions, etc.",2206006.0,0.0,4.0,20.0,0.0,22.0,50.0,2.76,20.0,8.0,9.0,,,,
Urban Forestry,6400,Operation & Maintenance,230,Repairs and Maintenance to City Level Parks,2305101.0,428.97,560.0,440.0,302.44103,1750.0,1200.0,573.49,500.0,620.0,655.0,,,,
Urban Forestry,6400,Operation & Maintenance,230,Repairs and Maintenance to Colony Parks,2305103.0,538.89,600.0,627.0,842.7776711,1550.12,1600.0,1040.25,1000.0,1218.24,1385.0,,,,
Urban Forestry,6400,Operation & Maintenance,230,Nursery,2305107.0,0.0,0.0,0.0,0.0,0.0,0.0,0.0,0.0,0.0,0.0,,,,
Urban Forestry,6400,Operation & Maintenance,230,Avenue and Other Plantations,2305112.0,0.0,0.0,2.0,0.0,28.0,50.0,0.0,90.0,85.0,85.0,,,,
Urban Forestry,6400,Operation & Maintenance,230,Traffic Islands /Central Media,2305113.0,0.0,0.0,2.0,0.0,103.0,100.0,0.0,90.0,89.0,89.0,,,,
Total for Urban Forestry (6400),,,,,,1032.21,1325.5,1248.0,1224.7007911,3622.12,3169.0,1846.22,1838.0,2531.24,2769.03,,,,
Horticulture,6401,Establishment Expenses,210,Basic Pay,2101001.0,788.53,844.25,750.0,738.5614,760.0,925.0,663.51,945.0,1339.0,1443.0,,,,
Horticulture,6401,Establishment Expenses,210,Dearness Allowance,2101002.0,365.25,346.7,240.0,405.32663,364.39,555.0,478.48,515.0,400.25,467.0,,,,
Horticulture,6401,Establishment Expenses,210,House Rent Allowance,2101003.0,215.5,270.0,220.0,203.2992,220.0,225.0,193.74,234.0,429.5,443.0,,,,
Horticulture,6401,Establishment Expenses,210,CCA,2101004.0,16.98,30.7,20.0,15.67192,20.0,23.0,14.52,28.0,34.0,35.53,,,,
Horticulture,6401,Establishment Expenses,210,Conveyance & Other Allowances,2101005.0,1.14,6.3,2.0,1.05125,2.0,3.0,21.86,3.0,26.5,28.53,,,,
Horticulture,6401,Establishment Expenses,210,Interim Relief,2101006.0,0.73,3.0,3.0,37.74164,3.0,150.0,116.19,138.0,35.71,26.5,,,,
Horticulture,6401,Establishment Expenses,210,Surrender Leave Encashment,2101007.0,0.0,0.0,0.0,0.0,0.0,0.0,3.78,0.0,48.2,51.0,,,,
Horticulture,6401,Establishment Expenses,210,Honorarium (Others),2101010.0,0.0,0.0,0.0,0.0,0.0,0.0,0.62,0.0,0.0,0.0,,,,
Horticulture,6401,Establishment Expenses,210,Service Pension,2103001.0,0.0,0.0,0.0,0.0,0.0,0.0,201.77,0.0,195.0,216.0,,,,
Horticulture,6401,Establishment Expenses,210,Family Pension,2103002.0,0.0,0.0,0.0,0.0,0.0,0.0,0.24,0.0,9.0,10.0,,,,
Horticulture,6401,Establishment Expenses,210,Salary Reimbursement to Parent Departments,2101051.0,0.01,0.5,1.0,0.0,1.0,0.0,0.0,0.0,0.0,0.0,,,,
Horticulture,6401,Administrative Expenses,220,Office Electricity Charges,2201101.0,27.96,28.1,30.0,33.22163,30.0,70.0,62.7,48.0,65.0,70.0,,,,
Horticulture,6401,Administrative Expenses,220,Office Water Charges,2201102.0,7.11,8.85,8.85,6.64925,10.0,30.0,5.29,15.0,13.0,15.0,,,,
Horticulture,6401,Operation & Maintenance,230,Repairs and Maintenance to City Level Parks,2305101.0,8.76,40.0,50.07,71.44461,54.21,600.0,114.24,200.0,211.0,236.0,,,,
Horticulture,6401,Operation & Maintenance,230,Repairs and Maintenance to Colony Parks,2305103.0,132.0,300.0,300.0,282.471095,1000.0,1100.0,454.37,300.0,385.5,420.0,,,,
Total for Horticulture (6401),,,,,,1563.97,1878.4,1624.92,1795.438625,2464.6,3681.0,2331.31,2426.0,3191.66,3461.56,,,,
Urban Poverty Alleviation,7800,Establishment Expenses,210,Basic Pay,2101001.0,329.51,273.5,240.0,208.97013,250.0,260.0,134.42,265.0,437.0,468.0,,,,
Urban Poverty Alleviation,7800,Establishment Expenses,210,Dearness Allowance,2101002.0,156.8,135.85,90.0,114.33801,100.0,155.0,97.15,145.0,136.25,145.0,,,,
Urban Poverty Alleviation,7800,Establishment Expenses,210,House Rent Allowance,2101003.0,94.57,101.8,80.0,59.14115,80.0,65.0,38.16,68.0,158.5,170.4,,,,
Urban Poverty Alleviation,7800,Establishment Expenses,210,CCA,2101004.0,7.89,15.03,10.0,4.78769,10.0,7.0,2.8,9.0,12.58,14.6,,,,
Urban Poverty Alleviation,7800,Establishment Expenses,210,Conveyance & Other Allowances,2101005.0,1.77,8.7,2.0,26.05528,2.0,60.0,25.9,55.0,53.4,57.53,,,,
Urban Poverty Alleviation,7800,Establishment Expenses,210,Interim Relief,2101006.0,2.64,9.2,10.0,2.33605,10.0,10.0,11.79,9.0,6.18,4.5,,,,
Urban Poverty Alleviation,7800,Establishment Expenses,210,Surrender Leave Encashment,2101007.0,0.0,0.0,0.0,0.0,0.0,0.0,3.09,0.0,24.18,24.9,,,,
Urban Poverty Alleviation,7800,Establishment Expenses,210,Service Pension,2103001.0,0.0,0.0,0.0,0.0,0.0,0.0,85.98,0.0,137.0,141.0,,,,
Urban Poverty Alleviation,7800,Administrative Expenses,220,Office Electricity Charges,2201101.0,29.51,72.0,50.0,30.73413,60.0,60.0,0.73,42.0,40.0,42.0,,,,
Urban Poverty Alleviation,7800,Administrative Expenses,220,"Office Telephone, Mobiles, Faxes and Leased Lines",2201201.0,6.77,0.0,8.0,0.0,10.0,10.0,0.03,5.0,2.5,2.53,,,,
Urban Poverty Alleviation,7800,Administrative Expenses,230,Petty Contingent Expenses,2208002.0,170.6,0.0,222.43,0.0,252.07,0.0,0.0,0.0,0.0,0.0,,,,
Urban Poverty Alleviation,7800,Operation & Maintenance,230,"Mapping, Plotting & Drawing Expenses",2308005.0,1.42,60.0,40.0,0.90898,44.0,20.0,0.0,5.0,5.0,6.0,,,,
Urban Poverty Alleviation,7800,Programme Expenses,250,Community Organisation/Mobilisation/Capacity Building/Training,2502007.0,295.17,900.0,650.0,503.0041,5000.0,2100.0,408.49,800.0,349.0,515.2,,,,
Urban Poverty Alleviation,7800,Programme Expenses,250,Aasara for Old Age Senior Citizens Programme Expenses,2502011.0,13.32,100.0,159.22,11.25092,192.97,0.0,11.05,1000.0,204.0,470.5,,,,
Urban Poverty Alleviation,7800,Programme Expenses,250,Vikasam (Disable Welfare Programme),2502013.0,0.0,0.0,365.0,636.88485,956.0,2000.0,1.0,1000.0,412.0,500.0,,,,
Urban Poverty Alleviation,7800,Programme Expenses,250,Night Shelter,2502014.0,0.0,0.0,200.0,18.08006,1000.0,0.0,6.21,0.0,33.0,29.2,,,,
Urban Poverty Alleviation,7800,Programme Expenses,250,Disbursements to T&S / DWCUA & Self Help Groups Under SJSRY,2503003.0,322.75,350.0,370.0,0.0,503.05,0.0,0.0,1200.0,324.0,331.0,,,,
Urban Poverty Alleviation,7800,Programme Expenses,250,MEPMA,2503005.0,218.93,1760.0,1050.0,0.0,1558.91,0.0,32.25,600.0,161.0,511.0,,,,
Total for Urban Poverty Alleviation (7800),,,,,,1651.65,3786.08,3546.65,1616.49135,10029.0,4747.0,859.05,5203.0,2495.59,3433.36,,,,
Tax Revenue,9100,Establishment Expenses,210,Basic Pay,2101001.0,547.24,615.97,550.0,624.35549,550.0,780.0,657.76,800.0,1367.82,1462.82,,,,
Tax Revenue,9100,Establishment Expenses,210,Dearness Allowance,2101002.0,268.14,247.58,170.0,375.17251,180.0,515.0,467.34,480.0,269.88,314.88,,,,
Tax Revenue,9100,Establishment Expenses,210,House Rent Allowance,2101003.0,159.1,180.38,150.0,182.53629,150.0,200.0,181.28,210.0,123.92,139.52,,,,
Tax Revenue,9100,Establishment Expenses,210,CCA,2101004.0,13.51,29.6,20.0,15.192,20.0,22.0,18.27,27.0,25.2,26.2,,,,
Tax Revenue,9100,Establishment Expenses,210,Conveyance & Other Allowances,2101005.0,1.14,5.63,2.0,17.77343,2.0,40.0,85.37,40.0,107.84,112.84,,,,
Tax Revenue,9100,Establishment Expenses,210,Interim Relief,2101006.0,0.35,9.05,10.0,16.14667,10.0,65.0,71.94,60.0,11.48,9.72,,,,
Tax Revenue,9100,Establishment Expenses,210,Service Pension,2103001.0,0.0,0.0,0.0,0.0,0.0,0.0,301.43,0.0,355.11,374.41,,,,
Tax Revenue,9100,Establishment Expenses,210,Family Pension,2103002.0,0.0,0.0,0.0,0.0,0.0,0.0,1.34,0.0,34.0,55.0,,,,
Tax Revenue,9100,Establishment Expenses,210,Salary Reimbursement to Parent Departments,2101051.0,0.45,0.15,1.0,0.0,1.0,0.0,0.0,0.0,0.0,0.0,,,,
Tax Revenue,9100,Administrative Expenses,220,Consultancy Charges,2205201.0,0.0,0.17,1.0,0.0,1.0,0.0,0.0,0.0,0.0,0.0,,,,
Total for Tax Revenue (9100),,,,,,989.93,1088.53,904.0,1231.17639,914.0,1622.0,1784.73,1617.0,2295.25,2495.39,,,,
Advertisement,9300,Establishment Expenses,210,Basic Pay,2101001.0,43.63,35.0,30.0,58.83375,30.0,96.0,43.85,91.0,49.87,79.79,,,,
Advertisement,9300,Establishment Expenses,210,Dearness Allowance,2101002.0,21.49,10.0,10.0,31.93411,10.0,60.0,32.65,48.0,35.18,19.95,,,,
Advertisement,9300,Establishment Expenses,210,House Rent Allowance,2101003.0,12.07,10.0,10.0,17.2619,10.0,25.0,12.82,18.0,21.2,23.94,,,,
Advertisement,9300,Establishment Expenses,210,CCA,2101004.0,1.04,1.0,1.0,1.39078,1.0,10.0,0.97,7.0,1.5,3.0,,,,
Advertisement,9300,Establishment Expenses,210,Conveyance & Other Allowances,2101005.0,0.45,1.0,1.0,2.9272,1.0,8.0,3.59,10.0,5.0,5.0,,,,
Advertisement,9300,Establishment Expenses,210,Interim Relief,2101006.0,0.0,1.0,1.0,1.98099,1.0,14.0,11.16,11.0,0.0,0.0,,,,
Advertisement,9300,Establishment Expenses,210,Surrender Leave Encashment,2101007.0,0.0,0.0,0.0,0.0,0.0,0.0,1.73,0.0,5.0,15.0,,,,
Advertisement,9300,Establishment Expenses,210,Salary Reimbursement to Parent Departments,2101051.0,0.0,0.0,0.0,0.0,0.0,0.0,0.0,0.0,35.0,45.0,,,,
Advertisement,9300,Establishment Expenses,210,Service Pension,2103001.0,0.0,0.0,0.0,0.0,0.0,0.0,2.85,0.0,95.0,152.0,,,,
Advertisement,9300,Administrative Expenses,220,"Office Telephone, Mobiles, Faxes and Leased Lines",2201201.0,0.03,0.0,1.0,0.0,1.0,4.0,0.0,2.0,0.0,0.0,,,,
Total for Advertisement (9300),,,,,,78.71,58.0,54.0,114.32873,54.0,217.0,109.62,187.0,247.75,343.68,,,,
,,,,Total Revenue Expenditure,,131588.86,152900.01,151877.56,137008.166944,188710.94,206000.0,147345.81,173200.0,180326.0,196938.0,,,,
"Note:  The revenue expenditure for 2014-15 (actuals) is given as Rs.1,47,345.12 lakhs in the budget document. The actual expenditure is Rs.1,24,345.81 lakhs. The difference is on account of a totalling error in the budget document.",,,,,,,,,,,,,,,,,,,
